-- Roles
INSERT INTO `bperan`.`role` (idrole,nombre, descripcion)
VALUES (1,'admin','administrador del sistema');

INSERT INTO `bperan`.`role` (idrole,nombre, descripcion)
VALUES (2,'cliente','cliente del sistema');

-- Usuario
INSERT INTO `bperan`.`usuario`(IDUSUARIO,NOMBRE,PASSWORD,FECHACREACION,IDROLE)
VALUES(1,'admin','$2a$10$wqlsF/ztcKNTF4gDI8gxzuK9AcDO6YqxxmREBvjDRB3jbpWv.gAnm','2010-05-04',1);

INSERT INTO `bperan`.`usuario`(IDUSUARIO,NOMBRE,PASSWORD,FECHACREACION,IDROLE)
VALUES(2,'clienteRegueral','$2a$10$mjsLRrOTkrqw9dgPojCaLO547Y5XPlYcMBcRTqnVCjHJ1fhE0OuG.','2012-12-19',2);

INSERT INTO `bperan`.`usuario`(IDUSUARIO,NOMBRE,PASSWORD,FECHACREACION,IDROLE)
VALUES(3,'clienteVilla','$2a$10$r.R0P.SqW2RzO1Uvp6Yhpu3/8oC6wSGse/FOC/MOF0eyWfua285iq','2013-08-04',2);

INSERT INTO `bperan`.`usuario`(IDUSUARIO,NOMBRE,PASSWORD,FECHACREACION,IDROLE)
VALUES(4,'clienteCabueñes','$2a$10$s1J6ItHbjlfvh4v6RM5l0e0R0A.Bx/ZkIcVKPDIyJfcaCISHcPMRW','2014-01-05',2);

INSERT INTO `bperan`.`usuario`(IDUSUARIO,NOMBRE,PASSWORD,FECHACREACION,IDROLE)
VALUES(5,'clientePiedeloro','$2a$10$I6sVSCHdrJmXeAKadBst3uboSCx03kN6zzZPr2jxqgo94u1hzDW3S','2015-10-30',2);

 -- Obras
INSERT INTO `bperan`.`obras`(IDOBRA,NOMBREOBRA,DIRECCION,LATITUD,LONGITUD,DESCRIPCION,FECHA_INICIO,FECHA_FIN,ESTADO)
VALUES ('1','Casa Regueral','Regueral, Carreño','43.583431','-5.791010','Construcción íntegra casa en Regueral','2012-12-30','2013-12-23','NoActivo');

INSERT INTO `bperan`.`obras`(IDOBRA,NOMBREOBRA,DIRECCION,LATITUD,LONGITUD,DESCRIPCION,FECHA_INICIO,FECHA_FIN,ESTADO)
VALUES ('2','Casa Villa','Villa, Nava','43.363854','-5.523907','Construcción íntegra casa en Villa','2013-10-23','2014-10-23','NoActivo');

INSERT INTO `bperan`.`obras`(IDOBRA,NOMBREOBRA,DIRECCION,LATITUD,LONGITUD,DESCRIPCION,FECHA_INICIO,FECHA_FIN,ESTADO)
VALUES ('3','Casa Cabueñes','Cabueñes, Gijón','43.515425','-5.611272','Rehabilitación Exterior e interior, piedra vista, casa en Cabbueñes','2014-06-01','2015-11-01','NoActivo');

INSERT INTO `bperan`.`obras`(IDOBRA,NOMBREOBRA,DIRECCION,LATITUD,LONGITUD,DESCRIPCION,FECHA_INICIO,FECHA_FIN,ESTADO)
VALUES ('4','Casa Piedeloro','Piedeloro, Carreño','43.571101','-5.809176','Construcción íntegra casa en Carreño','2012-12-30','2013-12-23','Activo');

-- Cliente
INSERT INTO `bperan`.`cliente`(IDCLIENTE,IDUSUARIO,NOMBREEMPRESA,TELEFONO,FAX,DIRECCION,POBLACION,PROVINCIA,CODIGOPOSTAL,EMIAL,CIF_NIF,
ESTADO)
VALUES(1, 2, 'Iván Rodríguez Bautista',678462464,null,'C/José Cueto, nº38, 2ºB','Avilés','Asturias',33400,'ivan.rod.bau@gmail.es','71890405H','Activo');

INSERT INTO `bperan`.`cliente`(IDCLIENTE,IDUSUARIO,NOMBREEMPRESA,TELEFONO,FAX,DIRECCION,POBLACION,PROVINCIA,CODIGOPOSTAL,EMIAL,CIF_NIF,
ESTADO)
VALUES(2, 3, 'Domingo Suárez Niebla', 619404636,null,'C/Miguel de Unamuno, nº6, 5ºN','Gijón','Asturias',33211,'niebla_mugardos@gmail.es','81645782Q','Activo');

INSERT INTO `bperan`.`cliente`(IDCLIENTE,IDUSUARIO,NOMBREEMPRESA,TELEFONO,FAX,DIRECCION,POBLACION,PROVINCIA,CODIGOPOSTAL,EMIAL,CIF_NIF,
ESTADO)
VALUES(3, 4, 'Ibergastronome', 318547515,318475188,'Rue Calais, nº 45B','Lille','Lille',89657,'Ibergastronome@ibergastronome.es','X3939393P','NoActivo');

INSERT INTO `bperan`.`cliente`(IDCLIENTE,IDUSUARIO,NOMBREEMPRESA,TELEFONO,FAX,DIRECCION,POBLACION,PROVINCIA,CODIGOPOSTAL,EMIAL,CIF_NIF,
ESTADO)
VALUES(4, 5, 'Teresa Fer Arias', 854752154,999547856,'calle pan','Pru','Asturias',33100,'prueba@prueba.es','93939393P','Activo');

-- Empleado
INSERT INTO `bperan`.`empleado`(IDEMPLEADO,IDOBRA,NOMBRE,APELLIDOS,NIF,FECHANACIMIENTO,TELEFONO,DIRECCION,POBLACION,PROVINCIA,CODIGOPOSTAL,NACIONALIDAD,NUMSEGURIDADSOCIAL,TIPOCONTRATO,FECHAALTA,ESTADO,CATEGORIA)
VALUES(1,1,'Empleado 1','apellido1','71890405H','1981-02-23',666666666,'Avd Gijón, 39,2ºizda','Candás','Asturias',33589,'Española',33555555555444444444,'Fin de Obra','2016-03-12','Activo','Albañil');

INSERT INTO `bperan`.`empleado`(IDEMPLEADO,IDOBRA,NOMBRE,APELLIDOS,NIF,FECHANACIMIENTO,TELEFONO,DIRECCION,POBLACION,PROVINCIA,CODIGOPOSTAL,NACIONALIDAD,NUMSEGURIDADSOCIAL,TIPOCONTRATO,FECHAALTA,ESTADO,CATEGORIA)
VALUES(2,1,'Empleado 2','apellido2','88888888S','1975-09-12',777777777,'C/La Cámara, 5,8ªB','Avilés','Asturias',33400,'Española',3388888885475555125,'Fin de Obra','2016-03-12','Activo','Capataz');

INSERT INTO `bperan`.`empleado`(IDEMPLEADO,IDOBRA,NOMBRE,APELLIDOS,NIF,FECHANACIMIENTO,TELEFONO,DIRECCION,POBLACION,PROVINCIA,CODIGOPOSTAL,NACIONALIDAD,NUMSEGURIDADSOCIAL,TIPOCONTRATO,FECHAALTA,ESTADO,CATEGORIA)
VALUES(3,1,'Empleado 3','apellido3','85479652P','1959-11-28',99999999,'C/Ezqurdia, 8,3ªA','Gijón','Asturias',33210,'Española',3300005487222215896,'Fin de Obra','2016-03-12','NoActivo','Peón');

INSERT INTO `bperan`.`empleado`(IDEMPLEADO,IDOBRA,NOMBRE,APELLIDOS,NIF,FECHANACIMIENTO,TELEFONO,DIRECCION,POBLACION,PROVINCIA,CODIGOPOSTAL,NACIONALIDAD,NUMSEGURIDADSOCIAL,TIPOCONTRATO,FECHAALTA,ESTADO,CATEGORIA)
VALUES(4,1,'Empleado 4','apellido4','2154865R','1955-01-27',655521586,'C/ los telares,9,4ºizda','Oviedo','Asturias',33009,'Española',33555577755444488844,'Fin de Obra','2016-03-12','Activo','Peón');

INSERT INTO `bperan`.`empleado`(IDEMPLEADO,IDOBRA,NOMBRE,APELLIDOS,NIF,FECHANACIMIENTO,TELEFONO,DIRECCION,POBLACION,PROVINCIA,CODIGOPOSTAL,NACIONALIDAD,NUMSEGURIDADSOCIAL,TIPOCONTRATO,FECHAALTA,ESTADO,CATEGORIA)
VALUES(5,1,'Empleado 5','apellido5','2154865R','1955-01-27',655521586,'C/ los telares,9,4ºizda','Oviedo','Asturias',33009,'Española',33555577755444488844,'Fin de Obra','2016-03-12','Activo','Peón');

INSERT INTO `bperan`.`empleado`(IDEMPLEADO,IDOBRA,NOMBRE,APELLIDOS,NIF,FECHANACIMIENTO,TELEFONO,DIRECCION,POBLACION,PROVINCIA,CODIGOPOSTAL,NACIONALIDAD,NUMSEGURIDADSOCIAL,TIPOCONTRATO,FECHAALTA,ESTADO,CATEGORIA)
VALUES(6,null,'Empleado 6','apellido6','2154865R','1955-01-27',655521586,'C/ los telares,9,4ºizda','Oviedo','Asturias',33009,'Española',33555577755444488844,'Fin de Obra','2016-03-12','NoActivo','Peón');

INSERT INTO `bperan`.`empleado`(IDEMPLEADO,IDOBRA,NOMBRE,APELLIDOS,NIF,FECHANACIMIENTO,TELEFONO,DIRECCION,POBLACION,PROVINCIA,CODIGOPOSTAL,NACIONALIDAD,NUMSEGURIDADSOCIAL,TIPOCONTRATO,FECHAALTA,ESTADO,CATEGORIA)
VALUES(7,null,'Empleado 7','apellido7','2154865R','1955-01-27',655521586,'C/ los telares,9,4ºizda','Oviedo','Asturias',33009,'Española',33555577755444488844,'Fin de Obra','2016-03-12','NoActivo','Peón');

INSERT INTO `bperan`.`empleado`(IDEMPLEADO,IDOBRA,NOMBRE,APELLIDOS,NIF,FECHANACIMIENTO,TELEFONO,DIRECCION,POBLACION,PROVINCIA,CODIGOPOSTAL,NACIONALIDAD,NUMSEGURIDADSOCIAL,TIPOCONTRATO,FECHAALTA,ESTADO,CATEGORIA)
VALUES(8,null,'Empleado 8','apellido8','2154865R','1955-01-27',655521586,'C/ los telares,9,4ºizda','Oviedo','Asturias',33009,'Española',33555577755444488844,'Fin de Obra','2016-03-12','NoActivo','Peón');

INSERT INTO `bperan`.`empleado`(IDEMPLEADO,IDOBRA,NOMBRE,APELLIDOS,NIF,FECHANACIMIENTO,TELEFONO,DIRECCION,POBLACION,PROVINCIA,CODIGOPOSTAL,NACIONALIDAD,NUMSEGURIDADSOCIAL,TIPOCONTRATO,FECHAALTA,ESTADO,CATEGORIA)
VALUES(9,null,'Empleado 9','apellido9','2154865R','1955-01-27',655521586,'C/ los telares,9,4ºizda','Oviedo','Asturias',33009,'Española',33555577755444488844,'Fin de Obra','2016-03-12','NoActivo','Peón');

INSERT INTO `bperan`.`empleado`(IDEMPLEADO,IDOBRA,NOMBRE,APELLIDOS,NIF,FECHANACIMIENTO,TELEFONO,DIRECCION,POBLACION,PROVINCIA,CODIGOPOSTAL,NACIONALIDAD,NUMSEGURIDADSOCIAL,TIPOCONTRATO,FECHAALTA,ESTADO,CATEGORIA)
VALUES(10,2,'Empleado 10','apellido1','71890405H','1981-02-23',666666666,'Avd Gijón, 39,2ºizda','Candás','Asturias',33589,'Española',33555555555444444444,'Fin de Obra','2016-03-12','Activo','Albañil');

INSERT INTO `bperan`.`empleado`(IDEMPLEADO,IDOBRA,NOMBRE,APELLIDOS,NIF,FECHANACIMIENTO,TELEFONO,DIRECCION,POBLACION,PROVINCIA,CODIGOPOSTAL,NACIONALIDAD,NUMSEGURIDADSOCIAL,TIPOCONTRATO,FECHAALTA,ESTADO,CATEGORIA)
VALUES(11,2,'Empleado 11','apellido3','85479652P','1959-11-28',99999999,'C/Ezqurdia, 8,3ªA','Gijón','Asturias',33210,'Española',3300005487222215896,'Fin de Obra','2016-03-12','NoActivo','Peón');

INSERT INTO `bperan`.`empleado`(IDEMPLEADO,IDOBRA,NOMBRE,APELLIDOS,NIF,FECHANACIMIENTO,TELEFONO,DIRECCION,POBLACION,PROVINCIA,CODIGOPOSTAL,NACIONALIDAD,NUMSEGURIDADSOCIAL,TIPOCONTRATO,FECHAALTA,ESTADO,CATEGORIA)
VALUES(12,2,'Empleado 12','apellido4','2154865R','1955-01-27',655521586,'C/ los telares,9,4ºizda','Oviedo','Asturias',33009,'Española',33555577755444488844,'Fin de Obra','2016-03-12','Activo','Peón');

INSERT INTO `bperan`.`empleado`(IDEMPLEADO,IDOBRA,NOMBRE,APELLIDOS,NIF,FECHANACIMIENTO,TELEFONO,DIRECCION,POBLACION,PROVINCIA,CODIGOPOSTAL,NACIONALIDAD,NUMSEGURIDADSOCIAL,TIPOCONTRATO,FECHAALTA,ESTADO,CATEGORIA)
VALUES(13,3,'Empleado 13','apellido5','2154865R','1955-01-27',655521586,'C/ los telares,9,4ºizda','Oviedo','Asturias',33009,'Española',33555577755444488844,'Fin de Obra','2016-03-12','Activo','Capataz');

-- Presupuesto
INSERT INTO `bperan`.`presupuesto`(IDPRESUPUESTO,IDOBRA,IDCLIENTE,COSTE_TOTAL,FECHA_INICIO,FECHA_FIN,ESTADO)
VALUES (1,1,1,115800.800,'2016-04-15','2017-12-23','Activo');

INSERT INTO `bperan`.`presupuesto`(IDPRESUPUESTO,IDOBRA,IDCLIENTE,COSTE_TOTAL,FECHA_INICIO,FECHA_FIN,ESTADO)
VALUES (6,1,1,110500.500,'2016-04-15','2017-12-23','Activo');

INSERT INTO `bperan`.`presupuesto`(IDPRESUPUESTO,IDOBRA,IDCLIENTE,COSTE_TOTAL,FECHA_INICIO,FECHA_FIN,ESTADO)
VALUES (2,2,2,105060.800,'2012-12-30','2013-12-23','NoActivo');

INSERT INTO `bperan`.`presupuesto`(IDPRESUPUESTO,IDOBRA,IDCLIENTE,COSTE_TOTAL,FECHA_INICIO,FECHA_FIN,ESTADO)
VALUES (3,3,3,109900.500,'2013-10-23','2014-10-23','NoActivo');

INSERT INTO `bperan`.`presupuesto`(IDPRESUPUESTO,IDOBRA,IDCLIENTE,COSTE_TOTAL,FECHA_INICIO,FECHA_FIN,ESTADO)
VALUES (4,4,4,126000.500,'2014-06-01','2015-11-01','NoActivo');

-- Vacaciones
INSERT INTO `bperan`.`vacaciones`(IDVACACIONES,IDEMPLEADO,FECHA_INICIO,FECHA_FIN)
VALUES (1,6,'2016-08-14','2016-09-01');

INSERT INTO `bperan`.`vacaciones`(IDVACACIONES,IDEMPLEADO,FECHA_INICIO,FECHA_FIN)
VALUES (2,7,'2016-07-01','2016-08-01');

-- Baja Laboral
INSERT INTO `bperan`.`bajalaboral`(IDBAJALABORAL,IDEMPLEADO,FECHA_INICIO,FECHA_FIN,TIPO)
VALUES (1,8,'2016-05-11','2016-07-20','Accidente Laboral');

INSERT INTO `bperan`.`bajalaboral`(IDBAJALABORAL,IDEMPLEADO,FECHA_INICIO,FECHA_FIN,TIPO)
VALUES (2,9,'2016-05-11','2016-05-20','Enfermedad Común');
